<tim>
	<Port>6666</Port>
	<Addr>0.0.0.0</Addr>
	<HeartBeat>120</HeartBeat>
	<Logdir>C:/Users/dong/Desktop/tim</Logdir>
	<LogName>tim.log</LogName>
	<Db_dataSourceName>root:123456@tcp(127.0.0.1:3306)/tim</Db_dataSourceName>
	<Db_MaxOpenConns>20</Db_MaxOpenConns>
	<Db_MaxIdleConns>5</Db_MaxIdleConns>
	<HttpPort>0</HttpPort>
	<Db_Exsit>1</Db_Exsit>
	<Presence>1</Presence>
	<ConfirmAck>0</ConfirmAck>
	<MustAuth>0</MustAuth>
	<SingleClient>1</SingleClient>
	<Interflow>0</Interflow>
	<TLSPort>0</TLSPort>
	<TLSServerPem></TLSServerPem>
	<TLSServerKey></TLSServerKey>
	<HbaseAddr>127.0.0.1:9090</HbaseAddr>
	<DataBase>1</DataBase>
	<HbaseMaxOpenConns>100</HbaseMaxOpenConns>
	<HbaseMaxIdleConns>10</HbaseMaxIdleConns>
	<HbaseMinOpenConns>50</HbaseMinOpenConns>
	<HbaseTimeoutConns>5</HbaseTimeoutConns>
	<HbaseIdleTimeOut>180</HbaseIdleTimeOut>	
</tim>